id,exercise_id,anchor,is_primary,created_at
008356e7-f3f7-42e7-a452-67da72424f76,cable-pull-through,hinge,t,2026-02-10 15:15:34.611804+00
054e1655-4a39-44ab-a0c6-d5510886e85d,thruster,press,f,2026-02-10 15:15:34.611804+00
0685694f-509b-4e27-8a1a-9b4838aba5f3,rowing-machine,surprise,t,2026-02-10 15:15:34.611804+00
088aed25-890e-4d36-b7a5-f41c1220ce0d,sled-push,surprise,t,2026-02-10 15:15:34.611804+00
0ac73c05-2f0c-4197-b252-69e55b5e268d,hang-clean,power,t,2026-02-10 15:15:34.611804+00
0d05dd88-bba1-493f-9ae0-257d8a61235e,decline-push-ups,press,t,2026-02-10 15:15:34.611804+00
0dc2bf6f-7d75-4a3f-b096-b0cc30879f66,assault-bike,surprise,t,2026-02-10 15:15:34.611804+00
114e973e-6366-450f-bd93-5c2fab795f49,push-press,press,t,2026-02-10 15:15:34.611804+00
14cabff7-16f2-4976-90db-77a50fa9cfb6,skull-crushers,press,t,2026-02-10 15:15:34.611804+00
15be32c4-77d0-49be-833b-6acd25c3fe27,pallof-press,surprise,t,2026-02-10 15:15:34.611804+00
199ffe39-eca4-482c-ae0e-5738c32f9ad3,sumo-squat,squat,t,2026-02-10 15:15:34.611804+00
1a4ee917-d540-4312-b530-8f7f2c49ceae,tricep-extensions,press,t,2026-02-10 15:15:34.611804+00
1e0818e1-5b9a-45a0-ae27-d18e62b65bed,three-point-row,pull,t,2026-02-10 15:15:34.611804+00
1efa6c9e-51b4-48f1-8d9a-f3fff3ad7a04,frontal-raises,press,t,2026-02-10 15:15:34.611804+00
20aa6b85-c526-4fbf-a485-6825a0a28a92,suitcase-carry,surprise,t,2026-02-10 15:15:34.611804+00
251ae20a-1f43-4465-b28d-f42da5884466,ab-wheel-rollout,surprise,t,2026-02-10 15:15:34.611804+00
254ff551-edfc-4fe9-b374-53a0e2f16ea8,curl-to-press,pull,t,2026-02-10 15:15:34.611804+00
270fd33d-614e-45ee-8105-2be0670b3576,muscle-clean,power,t,2026-02-10 15:15:34.611804+00
27770b14-8515-4470-baa7-fad04f0005ab,glute-bridge,hinge,t,2026-02-10 15:15:34.611804+00
277eca83-5ad6-4be5-9a3e-a1c0c358cedf,back-extension,hinge,t,2026-02-10 15:15:34.611804+00
28616581-c5d2-4aa5-921a-3e769a28f2bf,downward-dog,surprise,t,2026-02-10 15:15:34.611804+00
2c1b7757-0aea-445b-b315-ab64611ce4c9,preacher-curls,pull,t,2026-02-10 15:15:34.611804+00
30f67f39-94b5-4e20-82bb-3c45b2130f5c,leg-swings,surprise,t,2026-02-10 15:15:34.611804+00
33413a09-75a8-4dd9-a000-7f212b189568,hang-snatch,power,t,2026-02-10 15:15:34.611804+00
33956bef-ac0d-4623-99b2-e98f5bb40e80,meadows-row,pull,t,2026-02-10 15:15:34.611804+00
35a1eab4-7832-4670-9b64-44fbe5f90b7c,external-rotation,pull,t,2026-02-10 15:15:34.611804+00
377405f0-9377-4d1a-a53b-ace1e346e1cb,mountain-climbers,surprise,t,2026-02-10 15:15:34.611804+00
37bb55a4-4b61-4e52-812a-7c84f66bf555,hip-circles,surprise,t,2026-02-10 15:15:34.611804+00
3ae65d9e-5a8d-4efe-99de-b9452067c2a1,rdl,hinge,t,2026-02-10 15:15:34.611804+00
3cb3ae68-f2e2-4b2c-9b3d-0aca663dea9b,hollow-body-hold,surprise,t,2026-02-10 15:15:34.611804+00
410fe89c-51d3-40c4-873d-790750f648e6,cable-chest-flys,press,t,2026-02-10 15:15:34.611804+00
429a48f1-3834-47c4-aec9-e82630309c3c,lateral-raises,press,t,2026-02-10 15:15:34.611804+00
43d8be99-d55a-438c-9405-c9d23e495e81,hanging-leg-raises,surprise,t,2026-02-10 15:15:34.611804+00
44053dc5-2c83-443f-9171-4c785f157ced,battle-ropes,surprise,t,2026-02-10 15:15:34.611804+00
444f23c9-1e36-49c9-987e-517fc826ed3c,deadlift,pull,f,2026-02-10 15:15:34.611804+00
482edb5a-9dbd-4600-815a-0047f4d838cf,couch-stretch,surprise,t,2026-02-10 15:15:34.611804+00
4a57351b-c59b-4cc0-aac4-0581a25b7e0b,cat-cow,surprise,t,2026-02-10 15:15:34.611804+00
4b7cfa1a-6ce9-4c7c-85a8-eb74015083d2,toes-to-bar,surprise,t,2026-02-10 15:15:34.611804+00
4c7c1d1a-f53b-4dbc-b179-73fc7debe057,sotts-press,power,t,2026-02-10 15:15:34.611804+00
4c835ec4-77de-4e12-9d2c-c301b905563c,walking-lunges,squat,t,2026-02-10 15:15:34.611804+00
4cac8507-019a-4ba9-8da1-90b9824e19d6,cable-rows,pull,t,2026-02-10 15:15:34.611804+00
4d757032-2f62-4048-ae25-2465ba111368,pull-ups,pull,t,2026-02-10 15:15:34.611804+00
4d939a64-4330-4018-8470-ed091191dece,bb-hip-thrust,hinge,t,2026-02-10 15:15:34.611804+00
4dc340c4-f7a1-4706-b866-b706d9a4670d,goblet-reverse-lunges,squat,t,2026-02-10 15:15:34.611804+00
501ed978-1b8e-486a-8707-c869251d6fff,clean-pull,power,t,2026-02-10 15:15:34.611804+00
53c5604d-65dc-4d43-8f83-b7030afbe693,inverted-rows,pull,t,2026-02-10 15:15:34.611804+00
541a7e20-2011-41e9-acae-e94922b63653,barbell-row,pull,t,2026-02-10 15:15:34.611804+00
549ffe70-76c2-491a-aa53-00a074f8fd85,incline-db-fly,press,t,2026-02-10 15:15:34.611804+00
55b650fa-0c5c-4fd3-8e10-df333fd44703,chin-ups,pull,t,2026-02-10 15:15:34.611804+00
5a512800-11c0-4361-8b58-a4b0146a656b,bicep-curls,pull,t,2026-02-10 15:15:34.611804+00
5bff1bed-caa8-4ca5-9971-8163199c3c89,dead-bugs,surprise,t,2026-02-10 15:15:34.611804+00
6095029f-95f8-4d65-87d2-ad807f9df024,thoracic-rotations,surprise,t,2026-02-10 15:15:34.611804+00
6a9ebfe4-ecb7-4073-a9ff-aaca2d61ec26,v-ups,surprise,t,2026-02-10 15:15:34.611804+00
6da22ae3-fefc-4068-8cec-88f0ebbaa556,hip-thrust,hinge,t,2026-02-10 15:15:34.611804+00
70910638-551b-4df0-9410-52d7e97446c8,swing,hinge,t,2026-02-10 15:15:34.611804+00
7316385c-06bd-4f53-8da2-90bb6cafec37,cossack-squat-weighted,squat,t,2026-02-10 15:15:34.611804+00
73c98013-8f48-4b37-a8b9-cec0f8ebabfc,bird-dogs,surprise,t,2026-02-10 15:15:34.611804+00
73d621e6-1467-46d1-9a03-6ecad379ea12,high-pulls,pull,t,2026-02-10 15:15:34.611804+00
763b2d39-9611-4e6b-8011-82db0b2e93c7,good-morning,hinge,t,2026-02-10 15:15:34.611804+00
7772a6ad-4baf-4cd3-9efd-9c847de293f7,banded-pull-aparts,surprise,t,2026-02-10 15:15:34.611804+00
7789d9e0-645e-490a-abc8-ef8207712642,bench-press-incline,press,t,2026-02-10 15:15:34.611804+00
780bfd49-f871-4fea-8d78-d265a513ec55,thruster,squat,f,2026-02-10 15:15:34.611804+00
7983ed38-fbda-43f2-9d83-1ff3aa47ad1b,side-plank,surprise,t,2026-02-10 15:15:34.611804+00
7a1919da-d099-4a95-acd4-2af71099b164,deadlift,hinge,t,2026-02-10 15:15:34.611804+00
7bf9c811-2acb-4ab9-8612-60be148140af,snatch,power,t,2026-02-10 15:15:34.611804+00
7d336b27-fbfb-45a3-9c34-97e9a02d394a,squat-jumps,surprise,t,2026-02-10 15:15:34.611804+00
809f0e6a-659b-494b-9af2-71f64a8b8f80,trap-bar-deadlift,hinge,t,2026-02-10 15:15:34.611804+00
82898111-8f6d-41a2-8780-c92b41b45411,landmine-press,press,t,2026-02-10 15:15:34.611804+00
86c8533e-d269-487f-b1b3-019ca5dd2af3,overhead-tricep-extension,press,t,2026-02-10 15:15:34.611804+00
879d8c50-1b19-47ec-ba8a-43f354d1beee,split-squat,squat,t,2026-02-10 15:15:34.611804+00
88a22ec1-0f90-4047-8fcb-daa0c39e41fc,walking-lunges-oh,squat,t,2026-02-10 15:15:34.611804+00
88c1b217-c97b-428e-867e-5a44718e4368,rear-delt-flys,pull,t,2026-02-10 15:15:34.611804+00
89311d62-3724-4a98-b564-d4cf65a717f5,leg-raises,surprise,t,2026-02-10 15:15:34.611804+00
89c93549-91d7-4a28-8f29-8e6c064cd4b8,leg-extension,squat,t,2026-02-10 15:15:34.611804+00
8a91b947-1807-46a4-a5d3-395eded6d7f0,bicycles,surprise,t,2026-02-10 15:15:34.611804+00
8d7888eb-889b-4636-8a4c-ef8fc3e4b3da,farmers-carry,surprise,t,2026-02-10 15:15:34.611804+00
8ddc8639-4d59-4813-815c-5866a09a07c5,front-squat,squat,t,2026-02-10 15:15:34.611804+00
8df7a874-6628-4954-9a24-387ab95d42f0,flutter-kicks,surprise,t,2026-02-10 15:15:34.611804+00
8fe9a922-17f1-4e4a-a8bf-9b2c22f13ad4,strict-press,press,t,2026-02-10 15:15:34.611804+00
905ee45f-e77c-4918-967c-c068e482800d,reverse-lunges,squat,t,2026-02-10 15:15:34.611804+00
92ca11e7-07d5-4769-b24c-1e6cd788d2c0,jump-rope,surprise,t,2026-02-10 15:15:34.611804+00
93170966-a53c-4527-b6b3-66ec7e73402d,leg-curl,hinge,t,2026-02-10 15:15:34.611804+00
93dd1761-7cc0-4646-b944-2fe14be09285,single-leg-rdl,pull,f,2026-02-10 15:15:34.611804+00
9441fc94-8903-413b-8ddc-6ed12dc4ca87,push-jerk,power,t,2026-02-10 15:15:34.611804+00
94d62e0f-0cd4-4fae-b42c-0c53bae01f1e,assisted-pull-ups,pull,t,2026-02-10 15:15:34.611804+00
95ef120f-7a39-4ade-a224-cd2fd2e99c54,hanging-knee-tucks,surprise,t,2026-02-10 15:15:34.611804+00
98555637-f6ee-468e-a2fc-d7c2860018ce,internal-rotation,pull,t,2026-02-10 15:15:34.611804+00
9b083ff0-a169-481d-a83a-878a570be0d9,push-press,power,f,2026-02-10 15:15:34.611804+00
9b8dea86-96aa-448f-8a7c-b9bd1184c7b9,childs-pose,surprise,t,2026-02-10 15:15:34.611804+00
9d7680d1-aa64-4151-bab9-0f906bbb497a,arm-circles,surprise,t,2026-02-10 15:15:34.611804+00
9f54f8dd-9f4a-4e3c-990e-3c51eac51b0f,goblet-squat,squat,t,2026-02-10 15:15:34.611804+00
a01efb11-1a24-4aca-96bd-42a10b67d102,bulgarian-split-squat,squat,t,2026-02-10 15:15:34.611804+00
a0dbad17-643a-41b3-b0d6-276d5eee3b47,lateral-lunges,squat,t,2026-02-10 15:15:34.611804+00
a5374979-0c9c-420a-aa07-4bb44442605a,burpees,surprise,t,2026-02-10 15:15:34.611804+00
ab64aaec-9cb4-48e4-8041-40bde1376b09,russian-twists,surprise,t,2026-02-10 15:15:34.611804+00
ad814e84-e326-4efd-a5a8-8a572f971c13,db-chest-flys,press,t,2026-02-10 15:15:34.611804+00
ade5df13-b61c-4560-91ce-49642763cf2f,band-dislocates,surprise,t,2026-02-10 15:15:34.611804+00
af59b51c-fe6f-4bc4-8ce1-11952a1e853f,leg-press,squat,t,2026-02-10 15:15:34.611804+00
b074d8f1-d241-47a6-8835-12214e5c70e9,pause-squat,squat,t,2026-02-10 15:15:34.611804+00
b15696e6-cbe7-48fe-81f5-49f88a510722,box-squat,squat,t,2026-02-10 15:15:34.611804+00
b1a1b3e8-c126-46f9-accd-63650b52dc88,split-jerk,power,t,2026-02-10 15:15:34.611804+00
b2441988-3e1b-48ad-b382-4581ada574d5,overhead-carry,surprise,t,2026-02-10 15:15:34.611804+00
b36b1a63-2982-4c5f-a606-c0207edf58f3,face-pulls,pull,t,2026-02-10 15:15:34.611804+00
b8500ba8-612c-4593-9ba9-f313dbf9add2,push-ups,press,t,2026-02-10 15:15:34.611804+00
bb1386e0-300b-4b5a-aedc-87d0f4be0f34,worlds-greatest-stretch,surprise,t,2026-02-10 15:15:34.611804+00
bb2647b3-f27d-4706-ad65-8e2b50a390e5,arnold-press,press,t,2026-02-10 15:15:34.611804+00
bbc916c2-ace9-4c6d-81d0-9120fd8caeaf,bench-press,press,t,2026-02-10 15:15:34.611804+00
bdc8c413-00de-47ca-9364-683fafdb9a22,nordic-curl,hinge,t,2026-02-10 15:15:34.611804+00
c1a0b560-6fd1-4220-9fda-20c7a49bc739,db-incline-press,press,t,2026-02-10 15:15:34.611804+00
c6ad481e-97bb-462b-a360-2e7520465161,reverse-hyper,hinge,t,2026-02-10 15:15:34.611804+00
c8d36f1c-2c8e-4995-b02a-54c5825a7f93,close-grip-bench,press,t,2026-02-10 15:15:34.611804+00
c944a010-297f-43aa-84fc-756fa0d2cf7a,db-thruster,squat,f,2026-02-10 15:15:34.611804+00
cb6bc9f0-d033-4bb5-9d1c-a8402026d1f1,landmine-rotation,surprise,t,2026-02-10 15:15:34.611804+00
cea5f066-766c-40e7-be28-3d2b49a86dbd,shrugs,pull,t,2026-02-10 15:15:34.611804+00
cfa2ed44-3d61-4be0-b8f9-884fd36dd82d,hammer-curls,pull,t,2026-02-10 15:15:34.611804+00
d0b169e1-2910-43a3-b10c-7dc0debf8e8f,db-thruster,power,t,2026-02-10 15:15:34.611804+00
d15c289f-8e5d-4a16-8e0f-c5522c656c15,snatch-grip-deadlift,power,t,2026-02-10 15:15:34.611804+00
d396a92b-4aa1-4779-9dd7-2e4967a6faf2,90-90-stretch,surprise,t,2026-02-10 15:15:34.611804+00
d9426543-e2ab-49e2-8282-d8b8aa4b55f8,lat-pulldown,pull,t,2026-02-10 15:15:34.611804+00
d969287e-a0ad-4b05-a0d6-dbad3d920437,single-leg-glute-bridge,hinge,t,2026-02-10 15:15:34.611804+00
dbdd0167-68b5-4cb0-b7a5-20bc9c0ae401,renegade-push-ups,press,t,2026-02-10 15:15:34.611804+00
dcbdc4b5-ec47-424a-aad3-4685e62d3518,single-leg-rdl,hinge,t,2026-02-10 15:15:34.611804+00
dfd4a7ab-1e05-43a9-98b9-b84681add72e,foam-rolling,surprise,t,2026-02-10 15:15:34.611804+00
e0e82762-ac74-4bef-8f73-252b463c6983,cable-woodchops,surprise,t,2026-02-10 15:15:34.611804+00
e3c50323-d217-449a-8c1a-26774ba2daad,db-thruster,press,f,2026-02-10 15:15:34.611804+00
e413dab1-db5e-4a9a-b653-e431bb9f5eb4,sissy-squat,squat,t,2026-02-10 15:15:34.611804+00
e4f8866e-e780-47eb-81c7-818c0d011b96,tricep-cable-pulldowns,press,t,2026-02-10 15:15:34.611804+00
e58111b8-e55d-46f8-8383-382bb94e5b6c,thruster,power,t,2026-02-10 15:15:34.611804+00
e5f6b180-3e21-45a5-be58-fb06dfd42f25,dips,press,t,2026-02-10 15:15:34.611804+00
e7351149-3b50-4fee-8734-82c270548568,bench-press-decline,press,t,2026-02-10 15:15:34.611804+00
e7ad5db0-c13f-41d8-8ade-4a9360f36946,rack-carry,surprise,t,2026-02-10 15:15:34.611804+00
ea1d85fd-09fa-462f-b4b5-f241cf5c646b,box-jumps,power,f,2026-02-10 15:15:34.611804+00
ea38ac73-ef85-4830-9545-180f49bed452,plank,surprise,t,2026-02-10 15:15:34.611804+00
ebd000de-0ad6-4ffd-b07c-72dfc6e8c0bf,air-squat,squat,t,2026-02-10 15:15:34.611804+00
ecc236f9-69b9-4fa6-ad0f-2bdd64406ff1,power-clean,power,t,2026-02-10 15:15:34.611804+00
ede1c744-a166-47db-8ded-7a5fc245aa53,box-jumps,surprise,t,2026-02-10 15:15:34.611804+00
eea0872b-bd9b-4a51-a1da-acab27ff536a,squat-jumps,power,f,2026-02-10 15:15:34.611804+00
ef3b0e7c-c53e-4969-afa4-47db47eea659,sumo-deadlift,hinge,t,2026-02-10 15:15:34.611804+00
efbec138-d8db-4177-873e-5b7c0e27d94c,runners,surprise,t,2026-02-10 15:15:34.611804+00
f0d414b6-a5c0-4a23-a6bc-e2b9b9579641,straight-arm-pulldown,pull,t,2026-02-10 15:15:34.611804+00
f4ec0018-ca10-4173-b014-1df6a5fe40f4,burpees,power,f,2026-02-10 15:15:34.611804+00
f73f2072-d3fe-4e66-9384-e3f0bb640cb9,back-squat,squat,t,2026-02-10 15:15:34.611804+00
f85e81fd-394d-4d6d-a49d-b86b4569ad5b,pendlay-row,pull,t,2026-02-10 15:15:34.611804+00
f8652396-6f72-4863-9464-78415ce1366a,pigeon-stretch,surprise,t,2026-02-10 15:15:34.611804+00
f88990e4-f9ad-4258-b75b-2d2e2ad7203d,box-step-ups,squat,t,2026-02-10 15:15:34.611804+00
f992f760-f14b-4d1b-b480-2322dc4f5883,l-sit,surprise,t,2026-02-10 15:15:34.611804+00
fb7fb7cb-9a2c-41f6-92f3-9b6adab535da,bear-crawl,surprise,t,2026-02-10 15:15:34.611804+00
fc883e3b-b108-4759-bfad-7d10a06b8696,hack-squat,squat,t,2026-02-10 15:15:34.611804+00
fdeb8fa1-3b2c-4d91-b48d-bc87d0947379,sled-pull,surprise,t,2026-02-10 15:15:34.611804+00
ffa90c16-5bc2-4d47-ae93-fa7416a02126,squat-clean,power,t,2026-02-10 15:15:34.611804+00
